{"ts":1685416554470,"data":{"allconfig":"o{\"baidu\": {\"baidumenu\": true,\"baidulogo\": true,\"baidulianjie\": true,\"baiduhot\": true,\"baidueye\": false,\"baiducss\": false,\"baidutbq\": true,\"baidujdq\": true,\"kgbaidued\": true,\"kgbaiduad\": true,\"kggoogleed\": true,\"kggooglead\": true,\"kg360ed\": true,\"kg360ad\": true,\"kgbinged\": true,\"kgbingad\": true,\"kgtwied\": true,\"kgtwimv\": true,\"kgtwiad\": true,\"kgyoued\": true,\"kgyoumv\": true,\"kgyouad\": true,\"kgweixined\": true,\"kgweixinad\": true,\"kgdoubaned\": true,\"kgdoubanad\": true,\"kgzhihued\": true,\"kgzhihuad\": true,\"kgbilied\": true,\"kgbiliad\": true,\"kgweiboed\": true,\"kgweiboad\": true,\"kgweibomv\": true,\"kgpingbis\": false,\"baidueyecolor\": \"rgba(204,232,207,1)\"},\"google\": {},\"so360\": {},\"pingbiurl\": [],\"whiteurl\": [],\"pingbikw\": []}","allconfigtime":"n1661760210","zkdz_name":"sbaiduga"}}