{"options":{"check_for_updates":true,"comment":null,"compat_foreach":false,"compat_metadata":false,"compat_powerful_this":null,"compat_wrappedjsobject":false,"compatopts_for_requires":true,"noframes":null,"override":{"merge_connects":true,"merge_excludes":true,"merge_includes":true,"merge_matches":true,"orig_connects":[],"orig_excludes":[],"orig_includes":[],"orig_matches":["*://wenku.baidu.com/view/*","*://*.iqiyi.com/*","*://*.youku.com/*","*://*.v.qq.com/*","*://*.bilibili.com/*","*://*.tudou.com/*","*://film.sohu.com/*","*://*.mgtv.com/*","*://*.acfun.cn/v/*","*://*.56.com/*","*://*.pptv.com/*","*://*.le.com/*","*://*.letv.com/*","*://tv.sohu.com/*","*://vip.1905.com/play/*","*://v.yinyuetai.com/video/*","*://v.yinyuetai.com/playlist/*","*://*.fun.tv/vplay/*","*://*.wasu.cn/Play/show/*"],"orig_noframes":null,"orig_run_at":"document-idle","use_blockers":[],"use_connects":[],"use_excludes":[],"use_includes":[],"use_matches":[]},"run_at":null,"sandbox":null,"tab_types":null,"unwrap":null},"settings":{"enabled":false,"position":10},"meta":{"name":"全网VIP视频免费破解去广告，百度文库下载,一键领取淘宝、天猫、京东、唯品会、拼多多、抖音隐藏优惠券！全网查券！【免费领取618京东淘宝超级红包、外卖红包、出行红包】","uuid":"912683fc-5474-4933-a8f2-8d2fd1983bce","modified":1689757936616,"file_url":"https://greasyfork.org/scripts/391865-%E5%85%A8%E7%BD%91vip%E8%A7%86%E9%A2%91%E5%85%8D%E8%B4%B9%E7%A0%B4%E8%A7%A3%E5%8E%BB%E5%B9%BF%E5%91%8A-%E7%99%BE%E5%BA%A6%E6%96%87%E5%BA%93%E4%B8%8B%E8%BD%BD-%E4%B8%80%E9%94%AE%E9%A2%86%E5%8F%96%E6%B7%98%E5%AE%9D-%E5%A4%A9%E7%8C%AB-%E4%BA%AC%E4%B8%9C-%E5%94%AF%E5%93%81%E4%BC%9A-%E6%8B%BC%E5%A4%9A%E5%A4%9A-%E6%8A%96%E9%9F%B3%E9%9A%90%E8%97%8F%E4%BC%98%E6%83%A0%E5%88%B8-%E5%85%A8%E7%BD%91%E6%9F%A5%E5%88%B8-%E5%85%8D%E8%B4%B9%E9%A2%86%E5%8F%96618%E4%BA%AC%E4%B8%9C%E6%B7%98%E5%AE%9D%E8%B6%85%E7%BA%A7%E7%BA%A2%E5%8C%85-%E5%A4%96%E5%8D%96%E7%BA%A2%E5%8C%85-%E5%87%BA%E8%A1%8C%E7%BA%A2%E5%8C%85/code/%E5%85%A8%E7%BD%91VIP%E8%A7%86%E9%A2%91%E5%85%8D%E8%B4%B9%E7%A0%B4%E8%A7%A3%E5%8E%BB%E5%B9%BF%E5%91%8A%EF%BC%8C%E7%99%BE%E5%BA%A6%E6%96%87%E5%BA%93%E4%B8%8B%E8%BD%BD,%E4%B8%80%E9%94%AE%E9%A2%86%E5%8F%96%E6%B7%98%E5%AE%9D%E3%80%81%E5%A4%A9%E7%8C%AB%E3%80%81%E4%BA%AC%E4%B8%9C%E3%80%81%E5%94%AF%E5%93%81%E4%BC%9A%E3%80%81%E6%8B%BC%E5%A4%9A%E5%A4%9A%E3%80%81%E6%8A%96%E9%9F%B3%E9%9A%90%E8%97%8F%E4%BC%98%E6%83%A0%E5%88%B8%EF%BC%81%E5%85%A8%E7%BD%91%E6%9F%A5%E5%88%B8%EF%BC%81%E3%80%90%E5%85%8D%E8%B4%B9%E9%A2%86%E5%8F%96618%E4%BA%AC%E4%B8%9C%E6%B7%98%E5%AE%9D%E8%B6%85%E7%BA%A7%E7%BA%A2%E5%8C%85%E3%80%81%E5%A4%96%E5%8D%96%E7%BA%A2%E5%8C%85%E3%80%81%E5%87%BA%E8%A1%8C%E7%BA%A2%E5%8C%85%E3%80%91.user.js"}}