{"options":{"check_for_updates":true,"comment":null,"compat_foreach":false,"compat_metadata":false,"compat_powerful_this":null,"compat_wrappedjsobject":false,"compatopts_for_requires":true,"noframes":null,"override":{"merge_connects":true,"merge_excludes":true,"merge_includes":true,"merge_matches":true,"orig_connects":[],"orig_excludes":["http://image.cnki.net/*"],"orig_includes":[],"orig_matches":["http*://*.cnki.net/*","http*://*.cnki.net.*/*","http*://*/defaultResult/index*","http*://*/kns8/AdvSearch*","http*://*/kcms/detail/detail.aspx*"],"orig_noframes":null,"orig_run_at":"document-idle","use_blockers":[],"use_connects":["bar.cnki.net","cnki.net"],"use_excludes":[],"use_includes":[],"use_matches":[]},"run_at":null,"sandbox":null,"tab_types":null,"unwrap":null},"settings":{"enabled":true,"position":4},"meta":{"name":"知网PDF下载助手","uuid":"91298940-fc2b-4374-b323-b7ecdea9a939","modified":1687135064285,"file_url":"https://greasyfork.org/scripts/390733-%E7%9F%A5%E7%BD%91pdf%E4%B8%8B%E8%BD%BD%E5%8A%A9%E6%89%8B/code/%E7%9F%A5%E7%BD%91PDF%E4%B8%8B%E8%BD%BD%E5%8A%A9%E6%89%8B.user.js"}}