{"ts":1692667130036,"data":{"setting_baidu_theme":"sno","setting_getuser_info":"syes","setting_hide_idm":"sno","setting_init_code":"s865746","setting_rpc_dir":"sD:","setting_rpc_domain":"shttp://localhost","setting_rpc_path":"s/jsonrpc","setting_rpc_port":"s16800","setting_rpc_token":"s","setting_script_author":"sYouXiaoHou","setting_script_description":"s👆👆👆👆👆👆👆 - 支持批量获取 ✅百度网盘 ✅阿里云盘 ✅天翼云盘 ✅迅雷云盘 ✅夸克网盘 ✅移动云盘 六大网盘的直链下载地址，配合 IDM，Xdown，Aria2，Curl，比特彗星等工具高效🚀🚀🚀下载，完美适配 Chrome，Edge，FireFox，360，QQ，搜狗，百分，遨游，星愿，Opera，猎豹，Vivaldi，Yandex，Kiwi 等 18 种浏览器。可在无法安装客户端的环境下使用，助手免费开源。😎","setting_script_name":"s网盘直链下载助手","setting_script_version":"s6.1.1","setting_terminal_type":"swc","setting_theme_color":"s#574ab8"}}